username,name,url_main,url_user,exists,http_status,response_time_s
narstonerz,AniWorld,https://aniworld.to/,https://aniworld.to/user/profil/narstonerz,Claimed,403,1.198515165997378
narstonerz,Chess,https://www.chess.com/,https://www.chess.com/member/narstonerz,Claimed,200,1.8806427089948556
narstonerz,Discogs,https://www.discogs.com/,https://www.discogs.com/user/narstonerz,Claimed,200,3.1700160419932217
narstonerz,F3.cool,https://f3.cool/,https://f3.cool/narstonerz/,Claimed,200,4.58980595900357
narstonerz,Kick,https://kick.com/,https://kick.com/narstonerz,Claimed,200,6.799046250001993
narstonerz,Periscope,https://www.periscope.tv/,https://www.periscope.tv/narstonerz/,Claimed,200,10.727805583999725
narstonerz,Trakt,https://www.trakt.tv/,https://www.trakt.tv/users/narstonerz,Claimed,200,12.785928249999415
narstonerz,Xbox Gamertag,https://xboxgamertag.com/,https://xboxgamertag.com/search/narstonerz,Claimed,200,17.105559292002
narstonerz,YouTube,https://www.youtube.com/,https://www.youtube.com/@narstonerz,Claimed,200,15.017211082995345
narstonerz,jeuxvideo,https://www.jeuxvideo.com,https://www.jeuxvideo.com/profil/narstonerz,Claimed,200,15.439908166998066
narstonerz,BabyRu,https://www.baby.ru/,https://www.baby.ru/u/narstonerz,Claimed,403,18.116733250004472
